idx,matchtype,partid,ppartid
0,0,p0n16,n14
1,0,p0n27,n26
2,0,p0n62,n66
3,0,p0n85,n105
4,0,p0n97,n118
5,0,p0n5,n3
6,0,p0n40,n44
7,0,p0n50,n52
8,0,p0n72,n82
9,0,p0n113,n140
10,0,p0n121,n153
11,0,p0n134,n165
12,0,p0n145,n183
13,0,p0n7,n6
14,0,p0n12,n11
15,0,p0n19,n22
16,0,p0n22,n25
17,0,p0n30,n31
18,0,p0n36,n36
19,0,p0n43,n46
20,0,p0n46,n51
21,0,p0n53,n58
22,0,p0n58,n64
23,0,p0n64,n71
24,0,p0n68,n80
25,0,p0n75,n86
26,0,p0n80,n94
27,0,p0n88,n103
28,0,p0n93,n115
29,0,p0n102,n123
30,0,p0n109,n135
31,0,p0n115,n142
32,0,p0n118,n146
33,0,p0n155,n192
34,0,p0n179,n217
35,0,p0n166,n204
36,0,p0n130,n155
37,0,p0n137,n171
38,0,p0n142,n180
39,0,p0n148,n186
40,0,p0n152,n190
41,0,p0n157,n196
42,0,p0n163,n201
43,0,p0n169,n206
44,0,p0n175,n212
45,0,p0n182,n221
46,0,p0n185,n228
47,0,p0n3,n4
48,0,p0n9,n10
49,0,p0n39,n39
50,0,p0n44,n47
51,0,p0n48,n50
52,0,p0n77,n87
53,0,p0n111,n138
54,0,p0n116,n143
55,0,p0n15,n18
56,0,p0n20,n23
57,0,p0n24,n28
58,0,p0n32,n33
59,0,p0n82,n99
60,0,p0n89,n108
61,0,p0n95,n117
62,0,p0n104,n128
63,0,p0n178,n215
64,0,p0n183,n225
65,0,p0n165,n203
66,0,p0n172,n209
67,0,p0n0,n0
68,0,p0n6,n5
69,0,p0n11,n15
70,0,p0n21,n24
71,0,p0n29,n29
72,0,p0n35,n37
73,0,p0n42,n45
74,0,p0n45,n49
75,0,p0n55,n61
76,0,p0n65,n73
77,0,p0n70,n81
78,0,p0n79,n95
79,0,p0n86,n112
80,0,p0n100,n124
81,0,p0n107,n134
82,0,p0n114,n141
83,0,p0n117,n147
84,0,p0n153,n193
85,0,p0n160,n198
86,0,p0n181,n224
87,0,p0n184,n229
88,0,p0n83,n98
89,0,p0n90,n109
90,0,p0n96,n116
91,0,p0n105,n127
92,0,p0n132,n166
93,0,p0n139,n176
94,0,p0n144,n184
95,0,p0n150,n189
96,0,p0n120,n152
97,0,p0n127,n159
98,0,p0n8,n8
99,0,p0n13,n19
100,0,p0n33,n34
101,0,p0n60,n67
102,0,p0n67,n77
103,0,p0n76,n88
104,0,p0n87,n104
105,0,p0n92,n113
106,0,p0n101,n122
107,0,p0n108,n133
108,0,p0n176,n216
109,0,p0n2,n1
110,0,p0n10,n16
111,0,p0n37,n43
112,0,p0n52,n57
113,0,p0n57,n62
114,0,p0n74,n84
115,0,p0n78,n92
116,0,p0n110,n137
117,0,p0n124,n156
118,0,p0n129,n162
119,0,p0n136,n172
120,0,p0n141,n179
121,0,p0n147,n185
122,0,p0n151,n191
123,0,p0n156,n194
124,0,p0n162,n202
125,0,p0n168,n205
126,0,p0n174,n211
127,0,p0n14,n17
128,0,p0n34,n38
129,0,p0n81,n106
130,0,p0n106,n132
131,0,p0n126,n158
132,0,p0n149,n188
133,0,p0n161,n200
134,0,p0n173,n213
135,0,p0n28,n30
136,0,p0n31,n32
137,0,p0n38,n40
138,0,p0n56,n63
139,0,p0n73,n83
140,0,p0n99,n121
141,0,p0n103,n126
142,0,p0n119,n151
143,0,p0n128,n161
144,0,p0n138,n175
145,0,p0n159,n197
146,0,p0n171,n210
147,0,p0n51,n56
148,0,p0n54,n59
149,0,p0n63,n70
150,0,p0n69,n79
151,0,p0n123,n154
152,0,p0n131,n164
153,0,p0n140,n181
154,0,p0n170,n208
155,0,p0n66,n76
156,0,p0n135,n170
157,0,p0n177,n214
158,0,p0n59,n68
159,0,p0n143,n182
160,1,p0n4,undefined
161,1,p0n17,undefined
162,1,p0n18,undefined
163,1,p0n26,undefined
164,1,p0n41,undefined
165,1,p0n49,undefined
166,1,p0n61,undefined
167,1,p0n71,undefined
168,1,p0n84,undefined
169,1,p0n91,undefined
170,1,p0n98,undefined
171,1,p0n112,undefined
172,1,p0n122,undefined
173,1,p0n125,undefined
174,1,p0n133,undefined
175,1,p0n146,undefined
176,1,p0n154,undefined
177,1,p0n158,undefined
178,1,p0n167,undefined
179,1,p0n180,undefined
180,2,undefined,n2
181,2,undefined,n7
182,2,undefined,n9
183,2,undefined,n12
184,2,undefined,n13
185,2,undefined,n20
186,2,undefined,n21
187,2,undefined,n27
188,2,undefined,n35
189,2,undefined,n41
190,2,undefined,n42
191,2,undefined,n48
192,2,undefined,n53
193,2,undefined,n54
194,2,undefined,n55
195,2,undefined,n60
196,2,undefined,n65
197,2,undefined,n69
198,2,undefined,n72
199,2,undefined,n74
200,2,undefined,n75
201,2,undefined,n78
202,2,undefined,n85
203,2,undefined,n89
204,2,undefined,n90
205,2,undefined,n91
206,2,undefined,n93
207,2,undefined,n96
208,2,undefined,n97
209,2,undefined,n100
210,2,undefined,n101
211,2,undefined,n102
212,2,undefined,n107
213,2,undefined,n110
214,2,undefined,n111
215,2,undefined,n114
216,2,undefined,n119
217,2,undefined,n120
218,2,undefined,n125
219,2,undefined,n129
220,2,undefined,n130
221,2,undefined,n131
222,2,undefined,n136
223,2,undefined,n139
224,2,undefined,n144
225,2,undefined,n145
226,2,undefined,n148
227,2,undefined,n149
228,2,undefined,n150
229,2,undefined,n157
230,2,undefined,n160
231,2,undefined,n163
232,2,undefined,n167
233,2,undefined,n168
234,2,undefined,n169
235,2,undefined,n173
236,2,undefined,n174
237,2,undefined,n177
238,2,undefined,n178
239,2,undefined,n187
240,2,undefined,n195
241,2,undefined,n199
242,2,undefined,n207
243,2,undefined,n218
244,2,undefined,n219
245,2,undefined,n220
246,2,undefined,n222
247,2,undefined,n223
248,2,undefined,n226
249,2,undefined,n227
